Date;Close
1.01.2015;314,3
2.01.2015;315
3.01.2015;281,1
4.01.2015;264,2
5.01.2015;274,5
6.01.2015;286,2
7.01.2015;294,3
8.01.2015;283,4
9.01.2015;290,4
10.01.2015;274,8
11.01.2015;265,7
12.01.2015;267,8
13.01.2015;225,9
14.01.2015;178,1
15.01.2015;209,8
16.01.2015;208,1
17.01.2015;199,3
18.01.2015;210,3
19.01.2015;214,9
20.01.2015;211,3
21.01.2015;226,9
22.01.2015;233,4
23.01.2015;232,9
24.01.2015;247,9
25.01.2015;253,7
26.01.2015;273,5
27.01.2015;263,5
28.01.2015;233,9
29.01.2015;233,5
30.01.2015;226,4
31.01.2015;217,5
1.02.2015;227
2.02.2015;238,2
3.02.2015;227,3
4.02.2015;226,9
5.02.2015;217,1
6.02.2015;222,3
7.02.2015;227,8
8.02.2015;223,4
9.02.2015;220,1
10.02.2015;219,8
11.02.2015;219,2
12.02.2015;221,8
13.02.2015;235,4
14.02.2015;257,3
15.02.2015;234,8
16.02.2015;233,8
17.02.2015;243,6
18.02.2015;236,3
19.02.2015;240,3
20.02.2015;243,8
21.02.2015;244,5
22.02.2015;236
23.02.2015;238,9
24.02.2015;238,7
25.02.2015;237,5
26.02.2015;236,4
27.02.2015;253,8
28.02.2015;254,3
1.03.2015;260,2
2.03.2015;275,7
3.03.2015;281,7
4.03.2015;273,1
5.03.2015;276,2
6.03.2015;272,7
7.03.2015;276,3
8.03.2015;274,4
9.03.2015;289,6
10.03.2015;291,8
11.03.2015;296,4
12.03.2015;294,4
13.03.2015;285,3
14.03.2015;281,9
15.03.2015;286,4
16.03.2015;290,6
17.03.2015;285,5
18.03.2015;256,3
19.03.2015;260,9
20.03.2015;261,8
21.03.2015;260
22.03.2015;268
23.03.2015;266,7
24.03.2015;245,6
25.03.2015;246,2
26.03.2015;248,5
27.03.2015;247
28.03.2015;252,8
29.03.2015;242,7
30.03.2015;247,5
31.03.2015;244,2
1.04.2015;247,3
2.04.2015;253
3.04.2015;254,3
4.04.2015;253,7
5.04.2015;260,6
6.04.2015;255,5
7.04.2015;253,2
8.04.2015;245
9.04.2015;243,7
10.04.2015;236,1
11.04.2015;236,6
12.04.2015;236,2
13.04.2015;224,6
14.04.2015;219,2
15.04.2015;223,8
16.04.2015;228,6
17.04.2015;222,9
18.04.2015;223,4
19.04.2015;222,6
20.04.2015;224,6
21.04.2015;235,3
22.04.2015;234,2
23.04.2015;236,5
24.04.2015;231,3
25.04.2015;226,4
26.04.2015;219,4
27.04.2015;229,3
28.04.2015;225,9
29.04.2015;225,8
30.04.2015;236,2
1.05.2015;232,1
2.05.2015;234,9
3.05.2015;240,4
4.05.2015;239
5.05.2015;236,1
6.05.2015;229,8
7.05.2015;237,3
8.05.2015;243,9
9.05.2015;241,8
10.05.2015;240,3
11.05.2015;242,2
12.05.2015;241,1
13.05.2015;236,4
14.05.2015;236,9
15.05.2015;237,6
16.05.2015;236,2
17.05.2015;236,8
18.05.2015;233,1
19.05.2015;232
20.05.2015;234
21.05.2015;235,3
22.05.2015;240,4
23.05.2015;238,9
24.05.2015;241
25.05.2015;237,1
26.05.2015;237,1
27.05.2015;237,3
28.05.2015;237,4
29.05.2015;237,1
30.05.2015;233,4
31.05.2015;230,2
1.06.2015;222,9
2.06.2015;225,8
3.06.2015;225,9
4.06.2015;224,3
5.06.2015;225
6.06.2015;225,6
7.06.2015;222,9
8.06.2015;228,5
9.06.2015;229,1
10.06.2015;228,8
11.06.2015;229,7
12.06.2015;230
13.06.2015;232,4
14.06.2015;233,5
15.06.2015;236,8
16.06.2015;250,9
17.06.2015;249,3
18.06.2015;249
19.06.2015;244,6
20.06.2015;245,2
21.06.2015;243,9
22.06.2015;247
23.06.2015;244,3
24.06.2015;240,5
25.06.2015;242,8
26.06.2015;243,6
27.06.2015;251
28.06.2015;249
29.06.2015;257,1
30.06.2015;263,1
1.07.2015;258,6
2.07.2015;255,4
3.07.2015;256,3
4.07.2015;260,9
5.07.2015;271,9
6.07.2015;269
7.07.2015;266,2
8.07.2015;270,8
9.07.2015;269,2
10.07.2015;284,9
11.07.2015;293,1
12.07.2015;310,9
13.07.2015;292,1
14.07.2015;287,5
15.07.2015;285,8
16.07.2015;278,1
17.07.2015;279,5
18.07.2015;274,9
19.07.2015;273,6
20.07.2015;279
21.07.2015;275,8
22.07.2015;277,2
23.07.2015;276,1
24.07.2015;288,3
25.07.2015;288,7
26.07.2015;292,7
27.07.2015;293,6
28.07.2015;294,4
29.07.2015;289,6
30.07.2015;287,7
31.07.2015;284,7
1.08.2015;281,6
2.08.2015;282,6
3.08.2015;281,2
4.08.2015;285,2
5.08.2015;281,9
6.08.2015;278,6
7.08.2015;279,6
8.08.2015;261
9.08.2015;265,1
10.08.2015;264,5
11.08.2015;270,4
12.08.2015;266,4
13.08.2015;264,1
14.08.2015;265,7
15.08.2015;261,6
16.08.2015;258,5
17.08.2015;258
18.08.2015;211,1
19.08.2015;226,7
20.08.2015;235,4
21.08.2015;232,6
22.08.2015;230,4
23.08.2015;228,2
24.08.2015;210,5
25.08.2015;221,6
26.08.2015;225,8
27.08.2015;224,8
28.08.2015;231,4
29.08.2015;229,8
30.08.2015;228,8
31.08.2015;230,1
1.09.2015;228,1
2.09.2015;229,3
3.09.2015;227,2
4.09.2015;230,3
5.09.2015;235
6.09.2015;239,8
7.09.2015;239,9
8.09.2015;243,6
9.09.2015;238,2
10.09.2015;238,5
11.09.2015;240,1
12.09.2015;235,2
13.09.2015;230,5
14.09.2015;230,6
15.09.2015;230,3
16.09.2015;229,1
17.09.2015;229,8
18.09.2015;233
19.09.2015;231,5
20.09.2015;231,2
21.09.2015;227,1
22.09.2015;230,6
23.09.2015;230,3
24.09.2015;234,5
25.09.2015;235,1
26.09.2015;234,3
27.09.2015;232,8
28.09.2015;239,1
29.09.2015;236,7
30.09.2015;236,1
1.10.2015;237,6
2.10.2015;237,3
3.10.2015;238,7
4.10.2015;238,3
5.10.2015;240,4
6.10.2015;246,1
7.10.2015;243
8.10.2015;242,3
9.10.2015;243,9
10.10.2015;244,9
11.10.2015;247,1
12.10.2015;245,3
13.10.2015;249,5
14.10.2015;252
15.10.2015;254,3
16.10.2015;262,9
17.10.2015;270,6
18.10.2015;261,6
19.10.2015;263,4
20.10.2015;269,5
21.10.2015;266,3
22.10.2015;274
23.10.2015;276,5
24.10.2015;281,7
25.10.2015;283,7
26.10.2015;285,3
27.10.2015;293,8
28.10.2015;304,6
29.10.2015;313,9
30.10.2015;328
31.10.2015;314,2
1.11.2015;325,4
2.11.2015;361,2
3.11.2015;403,4
4.11.2015;411,6
5.11.2015;386,4
6.11.2015;374,5
7.11.2015;386,5
8.11.2015;373,4
9.11.2015;380,3
10.11.2015;336,8
11.11.2015;311,1
12.11.2015;338,2
13.11.2015;336,8
14.11.2015;332,9
15.11.2015;320,2
16.11.2015;330,8
17.11.2015;335,1
18.11.2015;334,6
19.11.2015;326,2
20.11.2015;322
21.11.2015;326,9
22.11.2015;324,5
23.11.2015;323,1
24.11.2015;320,1
25.11.2015;328,2
26.11.2015;352,7
27.11.2015;358
28.11.2015;357,4
29.11.2015;371,3
30.11.2015;377,3
1.12.2015;362,5
2.12.2015;359,2
3.12.2015;361,1
4.12.2015;363,2
5.12.2015;389
6.12.2015;388,8
7.12.2015;395,5
8.12.2015;415,6
9.12.2015;417,6
10.12.2015;415,5
11.12.2015;451,9
12.12.2015;435
13.12.2015;433,8
14.12.2015;444,2
15.12.2015;465,3
16.12.2015;454,9
17.12.2015;456,1
18.12.2015;463,6
19.12.2015;462,3
20.12.2015;442,7
21.12.2015;438,6
22.12.2015;436,6
23.12.2015;442,4
24.12.2015;455
25.12.2015;455,7
26.12.2015;417,3
27.12.2015;422,8
28.12.2015;422,3
29.12.2015;433
30.12.2015;426,6
31.12.2015;430,6
1.01.2016;434,3
2.01.2016;433,4
3.01.2016;430
4.01.2016;433,1
5.01.2016;432
6.01.2016;429,1
7.01.2016;458,1
8.01.2016;453,2
9.01.2016;447,6
10.01.2016;448
11.01.2016;448,4
12.01.2016;435,7
13.01.2016;432,4
14.01.2016;430,3
15.01.2016;364,3
16.01.2016;387,5
17.01.2016;382,3
18.01.2016;387,2
19.01.2016;380,2
20.01.2016;420,2
21.01.2016;410,3
22.01.2016;382,5
23.01.2016;387,5
24.01.2016;403
25.01.2016;391,7
26.01.2016;392,2
27.01.2016;395
28.01.2016;380,3
29.01.2016;379,5
30.01.2016;378,3
31.01.2016;368,8
1.02.2016;373,1
2.02.2016;374,5
3.02.2016;370
4.02.2016;389,6
5.02.2016;386,6
6.02.2016;376,5
7.02.2016;376,6
8.02.2016;373,5
9.02.2016;376
10.02.2016;381,7
11.02.2016;379,7
12.02.2016;384,3
13.02.2016;391,9
14.02.2016;407,2
15.02.2016;400,2
16.02.2016;407,5
17.02.2016;416,3
18.02.2016;422,4
19.02.2016;420,8
20.02.2016;437,2
21.02.2016;438,8
22.02.2016;437,8
23.02.2016;420,7
24.02.2016;425
25.02.2016;424,5
26.02.2016;432,2
27.02.2016;432,5
28.02.2016;433,5
29.02.2016;437,7
1.03.2016;435,1
2.03.2016;424
3.03.2016;421,7
4.03.2016;410,9
5.03.2016;400,6
6.03.2016;407,7
7.03.2016;414,3
8.03.2016;414
9.03.2016;414,9
10.03.2016;417,1
11.03.2016;421,7
12.03.2016;411,6
13.03.2016;414,1
14.03.2016;416,4
15.03.2016;416,8
16.03.2016;417
17.03.2016;420,6
18.03.2016;409,6
19.03.2016;410,4
20.03.2016;413,8
21.03.2016;413,3
22.03.2016;418,1
23.03.2016;418
24.03.2016;416,4
25.03.2016;417,2
26.03.2016;418
27.03.2016;426,8
28.03.2016;424,2
29.03.2016;416,5
30.03.2016;414,8
31.03.2016;416,7
1.04.2016;418
2.04.2016;420,9
3.04.2016;420,9
4.04.2016;421,4
5.04.2016;424
6.04.2016;423,4
7.04.2016;422,7
8.04.2016;420,4
9.04.2016;419,4
10.04.2016;421,6
11.04.2016;422,5
12.04.2016;425,2
13.04.2016;423,7
14.04.2016;424,3
15.04.2016;429,7
16.04.2016;430,6
17.04.2016;427,4
18.04.2016;428,6
19.04.2016;435,5
20.04.2016;441,4
21.04.2016;449,4
22.04.2016;445,7
23.04.2016;450,3
24.04.2016;458,6
25.04.2016;461,4
26.04.2016;466,1
27.04.2016;444,7
28.04.2016;449
29.04.2016;455,1
30.04.2016;448,3
1.05.2016;451,9
2.05.2016;444,7
3.05.2016;450,3
4.05.2016;446,7
5.05.2016;448
6.05.2016;459,6
7.05.2016;458,5
8.05.2016;458,6
9.05.2016;460,5
10.05.2016;450,9
11.05.2016;452,7
12.05.2016;454,8
13.05.2016;455,7
14.05.2016;455,7
15.05.2016;457,6
16.05.2016;454,2
17.05.2016;453,8
18.05.2016;454,6
19.05.2016;438,7
20.05.2016;442,7
21.05.2016;443,2
22.05.2016;439,3
23.05.2016;444,2
24.05.2016;446
25.05.2016;449,6
26.05.2016;453,4
27.05.2016;473,5
28.05.2016;530
29.05.2016;526,2
30.05.2016;533,9
31.05.2016;531,4
1.06.2016;536,9
2.06.2016;538
3.06.2016;569,2
4.06.2016;572,7
5.06.2016;575
6.06.2016;585,5
7.06.2016;576,6
8.06.2016;581,7
9.06.2016;574,6
10.06.2016;577,5
11.06.2016;606,7
12.06.2016;672,8
13.06.2016;704,4
14.06.2016;685,6
15.06.2016;694,5
16.06.2016;766,3
17.06.2016;748,9
18.06.2016;756,2
19.06.2016;763,8
20.06.2016;737,2
21.06.2016;666,7
22.06.2016;596,1
23.06.2016;624
24.06.2016;665,3
25.06.2016;665,1
26.06.2016;629,4
27.06.2016;655,3
28.06.2016;647
29.06.2016;639,9
30.06.2016;673,3
1.07.2016;676,3
2.07.2016;703,7
3.07.2016;658,7
4.07.2016;683,7
5.07.2016;670,6
6.07.2016;677,3
7.07.2016;640,6
8.07.2016;666,5
9.07.2016;651
10.07.2016;649,4
11.07.2016;647,7
12.07.2016;664,6
13.07.2016;654,5
14.07.2016;658,1
15.07.2016;663,3
16.07.2016;660,8
17.07.2016;679,5
18.07.2016;673,1
19.07.2016;672,9
20.07.2016;665,7
21.07.2016;665
22.07.2016;650,6
23.07.2016;655,6
24.07.2016;661,3
25.07.2016;654,1
26.07.2016;651,8
27.07.2016;654,4
28.07.2016;655
29.07.2016;657
30.07.2016;655,1
31.07.2016;624,7
1.08.2016;606,3
2.08.2016;547,5
3.08.2016;566,4
4.08.2016;578,3
5.08.2016;575
6.08.2016;587,8
7.08.2016;592,7
8.08.2016;591,1
9.08.2016;587,8
10.08.2016;592,1
11.08.2016;589,1
12.08.2016;587,6
13.08.2016;585,6
14.08.2016;570,5
15.08.2016;567,2
16.08.2016;577,4
17.08.2016;573,2
18.08.2016;574,3
19.08.2016;575,6
20.08.2016;581,7
21.08.2016;581,3
22.08.2016;586,8
23.08.2016;583,4
24.08.2016;580,2
25.08.2016;577,8
26.08.2016;579,7
27.08.2016;570
28.08.2016;573,9
29.08.2016;574,1
30.08.2016;577,5
31.08.2016;575,5
1.09.2016;572,3
2.09.2016;575,5
3.09.2016;598,2
4.09.2016;608,6
5.09.2016;606,6
6.09.2016;610,4
7.09.2016;614,5
8.09.2016;626,3
9.09.2016;622,9
10.09.2016;623,5
11.09.2016;606,7
12.09.2016;608,2
13.09.2016;609,2
14.09.2016;610,7
15.09.2016;607,2
16.09.2016;607
17.09.2016;606
18.09.2016;609,9
19.09.2016;609,2
20.09.2016;608,3
21.09.2016;597,2
22.09.2016;596,3
23.09.2016;602,8
24.09.2016;602,6
25.09.2016;600,8
26.09.2016;608
27.09.2016;606,2
28.09.2016;604,7
29.09.2016;605,7
30.09.2016;609,7
1.10.2016;614
2.10.2016;610,9
3.10.2016;612,1
4.10.2016;610,2
5.10.2016;612,5
6.10.2016;613
7.10.2016;617,1
8.10.2016;619,1
9.10.2016;616,8
10.10.2016;619
11.10.2016;641,1
12.10.2016;636,2
13.10.2016;636,8
14.10.2016;640,4
15.10.2016;638,7
16.10.2016;641,6
17.10.2016;639,2
18.10.2016;638
19.10.2016;630,5
20.10.2016;630,9
21.10.2016;632,8
22.10.2016;657,3
23.10.2016;657,1
24.10.2016;653,8
25.10.2016;657,6
26.10.2016;678,3
27.10.2016;688,3
28.10.2016;689,7
29.10.2016;714,5
30.10.2016;701,9
31.10.2016;701
1.11.2016;729,8
2.11.2016;740,8
3.11.2016;688,7
4.11.2016;703,2
5.11.2016;703,4
6.11.2016;711,5
7.11.2016;703,1
8.11.2016;709,9
9.11.2016;723,3
10.11.2016;715,5
11.11.2016;716,4
12.11.2016;705,1
13.11.2016;702
14.11.2016;705
15.11.2016;711,6
16.11.2016;744,2
17.11.2016;741
18.11.2016;751,6
19.11.2016;751,6
20.11.2016;731
21.11.2016;739,3
22.11.2016;751,4
23.11.2016;744,6
24.11.2016;740,3
25.11.2016;741,7
26.11.2016;735,4
27.11.2016;732
28.11.2016;735,8
29.11.2016;735,6
30.11.2016;745,7
1.12.2016;756,8
2.12.2016;777,9
3.12.2016;771,2
4.12.2016;773,9
5.12.2016;758,7
6.12.2016;764,2
7.12.2016;768,1
8.12.2016;770,8
9.12.2016;772,8
10.12.2016;774,7
11.12.2016;769,7
12.12.2016;780,1
13.12.2016;780,6
14.12.2016;781,5
15.12.2016;778,1
16.12.2016;784,9
17.12.2016;790,8
18.12.2016;790,5
19.12.2016;792,7
20.12.2016;800,9
21.12.2016;834,3
22.12.2016;864,5
23.12.2016;922
24.12.2016;898,8
25.12.2016;896,2
26.12.2016;907,6
27.12.2016;933,2
28.12.2016;975,9
29.12.2016;973,5
30.12.2016;961,2
31.12.2016;963,7
1.01.2017;998,3
2.01.2017;1021,8
3.01.2017;1043,8
4.01.2017;1154,7
5.01.2017;1013,4
6.01.2017;902,2
7.01.2017;908,6
8.01.2017;911,2
9.01.2017;902,8
10.01.2017;907,7
11.01.2017;777,8
12.01.2017;804,8
13.01.2017;824
14.01.2017;818,4
15.01.2017;821,8
16.01.2017;831,5
17.01.2017;907,9
18.01.2017;886,6
19.01.2017;899,1
20.01.2017;895
21.01.2017;921,8
22.01.2017;924,7
23.01.2017;921
24.01.2017;892,7
25.01.2017;901,5
26.01.2017;917,6
27.01.2017;919,8
28.01.2017;921,6
29.01.2017;919,5
30.01.2017;920,4
31.01.2017;970,4
1.02.2017;989
2.02.2017;1011,8
3.02.2017;1029,9
4.02.2017;1042,9
5.02.2017;1027,3
6.02.2017;1038,2
7.02.2017;1061,4
8.02.2017;1063,1
9.02.2017;994,4
10.02.2017;988,7
11.02.2017;1004,5
12.02.2017;999,2
13.02.2017;990,6
14.02.2017;1004,6
15.02.2017;1007,5
16.02.2017;1027,4
17.02.2017;1046,2
18.02.2017;1054,4
19.02.2017;1047,9
20.02.2017;1080
21.02.2017;1115,3
22.02.2017;1117,4
23.02.2017;1166,7
24.02.2017;1173,7
25.02.2017;1143,8
26.02.2017;1165,2
27.02.2017;1180
28.02.2017;1180
1.03.2017;1222,5
2.03.2017;1251
3.03.2017;1275
4.03.2017;1255,2
5.03.2017;1267,1
6.03.2017;1272,8
7.03.2017;1223,5
8.03.2017;1150
9.03.2017;1188,5
10.03.2017;1116,7
11.03.2017;1175,8
12.03.2017;1221,4
13.03.2017;1231,9
14.03.2017;1240
15.03.2017;1249,6
16.03.2017;1187,8
17.03.2017;1100,2
18.03.2017;973,8
19.03.2017;1036,7
20.03.2017;1054,2
21.03.2017;1120,5
22.03.2017;1049,1
23.03.2017;1038,6
24.03.2017;937,5
25.03.2017;972,8
26.03.2017;966,7
27.03.2017;1045,8
28.03.2017;1047,2
29.03.2017;1040
30.03.2017;1026,4
31.03.2017;1071,8
1.04.2017;1080,5
2.04.2017;1102,2
3.04.2017;1143,8
4.04.2017;1133,3
5.04.2017;1124,8
6.04.2017;1182,7
7.04.2017;1176,9
8.04.2017;1176
9.04.2017;1187,9
10.04.2017;1187,1
11.04.2017;1205
12.04.2017;1200,4
13.04.2017;1169,3
14.04.2017;1167,5
15.04.2017;1172,5
16.04.2017;1182,9
17.04.2017;1193,9
18.04.2017;1211,7
19.04.2017;1210,3
20.04.2017;1229,1
21.04.2017;1222,1
22.04.2017;1231,7
23.04.2017;1207,2
24.04.2017;1250,2
25.04.2017;1265,5
26.04.2017;1281,1
27.04.2017;1317,7
28.04.2017;1316,5
29.04.2017;1321,8
30.04.2017;1347,9
1.05.2017;1421,6
2.05.2017;1452,8
3.05.2017;1490,1
4.05.2017;1537,7
5.05.2017;1555,5
6.05.2017;1578,8
7.05.2017;1596,7
8.05.2017;1723,4
9.05.2017;1755,4
10.05.2017;1787,1
11.05.2017;1848,6
12.05.2017;1724,2
13.05.2017;1804,9
14.05.2017;1808,9
15.05.2017;1738,4
16.05.2017;1734,5
17.05.2017;1839,1
18.05.2017;1888,7
19.05.2017;1987,7
20.05.2017;2084,7
21.05.2017;2041,2
22.05.2017;2173,4
23.05.2017;2320,4
24.05.2017;2443,6
25.05.2017;2305
26.05.2017;2202,4
27.05.2017;2038,9
28.05.2017;2155,8
29.05.2017;2255,6
30.05.2017;2175,5
31.05.2017;2286,4
1.06.2017;2407,9
2.06.2017;2488,6
3.06.2017;2515,4
4.06.2017;2511,8
5.06.2017;2686,8
6.06.2017;2863,2
7.06.2017;2732,2
8.06.2017;2805,6
9.06.2017;2823,8
10.06.2017;2947,7
11.06.2017;2958,1
12.06.2017;2659,6
13.06.2017;2717
14.06.2017;2506,4
15.06.2017;2464,6
16.06.2017;2518,6
17.06.2017;2655,9
18.06.2017;2548,3
19.06.2017;2589,6
20.06.2017;2721,8
21.06.2017;2689,1
22.06.2017;2705,4
23.06.2017;2744,9
24.06.2017;2608,7
25.06.2017;2589,4
26.06.2017;2478,5
27.06.2017;2552,5
28.06.2017;2574,8
29.06.2017;2539,3
30.06.2017;2480,8
1.07.2017;2434,6
2.07.2017;2506,5
3.07.2017;2564,1
4.07.2017;2601,6
5.07.2017;2602
6.07.2017;2608,6
7.07.2017;2518,7
8.07.2017;2571,3
9.07.2017;2518,4
10.07.2017;2372,6
11.07.2017;2337,8
12.07.2017;2398,8
13.07.2017;2357,9
14.07.2017;2233,3
15.07.2017;1998,9
16.07.2017;1929,8
17.07.2017;2228,4
18.07.2017;2318,9
19.07.2017;2273,4
20.07.2017;2817,6
21.07.2017;2667,8
22.07.2017;2810,1
23.07.2017;2730,4
24.07.2017;2754,9
25.07.2017;2576,5
26.07.2017;2529,5
27.07.2017;2671,8
28.07.2017;2809
29.07.2017;2726,5
30.07.2017;2757,2
31.07.2017;2875,3
1.08.2017;2718,3
2.08.2017;2710,7
3.08.2017;2804,7
4.08.2017;2895,9
5.08.2017;3252,9
6.08.2017;3213,9
7.08.2017;3378,9
8.08.2017;3419,9
9.08.2017;3342,5
10.08.2017;3381,3
11.08.2017;3650,6
12.08.2017;3884,7
13.08.2017;4073,3
14.08.2017;4325,1
15.08.2017;4181,9
16.08.2017;4376,6
17.08.2017;4331,7
18.08.2017;4160,6
19.08.2017;4193,7
20.08.2017;4087,7
21.08.2017;4001,7
22.08.2017;4100,5
23.08.2017;4151,5
24.08.2017;4334,7
25.08.2017;4371,6
26.08.2017;4352,4
27.08.2017;4382,9
28.08.2017;4382,7
29.08.2017;4579
30.08.2017;4565,3
31.08.2017;4703,4
1.09.2017;4892
2.09.2017;4578,8
3.09.2017;4583
4.09.2017;4236,3
5.09.2017;4376,5
6.09.2017;4597,1
7.09.2017;4599,9
8.09.2017;4228,8
9.09.2017;4226,1
10.09.2017;4122,9
11.09.2017;4161,3
12.09.2017;4130,8
13.09.2017;3882,6
14.09.2017;3155
15.09.2017;3637,5
16.09.2017;3625
17.09.2017;3582,9
18.09.2017;4065,2
19.09.2017;3925
20.09.2017;3906
21.09.2017;3631
22.09.2017;3630,7
23.09.2017;3792,4
24.09.2017;3682,8
25.09.2017;3926,1
26.09.2017;3892,4
27.09.2017;4200,7
28.09.2017;4174,7
29.09.2017;4163,1
30.09.2017;4338,7
1.10.2017;4403,7
2.10.2017;4409,3
3.10.2017;4317,5
4.10.2017;4229,4
5.10.2017;4328,4
6.10.2017;4370,8
7.10.2017;4426,9
8.10.2017;4610,5
9.10.2017;4772
10.10.2017;4782
11.10.2017;4826,5
12.10.2017;5446,9
13.10.2017;5647,2
14.10.2017;5831,8
15.10.2017;5678,2
16.10.2017;5725,6
17.10.2017;5605,5
18.10.2017;5590,7
19.10.2017;5708,5
20.10.2017;6011,5
21.10.2017;6031,6
22.10.2017;6008,4
23.10.2017;5930,3
24.10.2017;5526,6
25.10.2017;5750,8
26.10.2017;5904,8
27.10.2017;5780,9
28.10.2017;5753,1
29.10.2017;6153,9
30.10.2017;6130,5
31.10.2017;6468,4
1.11.2017;6767,3
2.11.2017;7078,5
3.11.2017;7207,8
4.11.2017;7380
5.11.2017;7407,4
6.11.2017;7022,8
7.11.2017;7144,4
8.11.2017;7459,7
9.11.2017;7143,6
10.11.2017;6618,1
11.11.2017;6357,6
12.11.2017;5950,1
13.11.2017;6559,5
14.11.2017;6635,8
15.11.2017;7315,5
16.11.2017;7871,7
17.11.2017;7709
18.11.2017;7790,2
19.11.2017;8036,5
20.11.2017;8200,6
21.11.2017;8071,3
22.11.2017;8253,6
23.11.2017;8038,8
24.11.2017;8253,7
25.11.2017;8790,9
26.11.2017;9330,6
27.11.2017;9818,4
28.11.2017;10058,8
29.11.2017;9888,6
30.11.2017;10233,6
1.12.2017;10975,6
2.12.2017;11074,6
3.12.2017;11323,2
4.12.2017;11657,2
5.12.2017;11916,7
6.12.2017;14291,5
7.12.2017;17899,7
8.12.2017;16569,4
9.12.2017;15178,2
10.12.2017;15455,4
11.12.2017;16936,8
12.12.2017;17415,4
13.12.2017;16408,2
14.12.2017;16564
15.12.2017;17706,9
16.12.2017;19497,4
17.12.2017;19140,8
18.12.2017;19114,2
19.12.2017;17776,7
20.12.2017;16624,6
21.12.2017;15802,9
22.12.2017;13831,8
23.12.2017;14699,2
24.12.2017;13925,8
25.12.2017;14026,6
26.12.2017;16099,8
27.12.2017;15838,5
28.12.2017;14606,5
29.12.2017;14656,2
30.12.2017;12952,2
31.12.2017;14156,4
1.01.2018;13657,2
2.01.2018;14982,1
3.01.2018;15201
4.01.2018;15599,2
5.01.2018;17429,5
6.01.2018;17527
7.01.2018;16477,6
8.01.2018;15170,1
9.01.2018;14595,4
10.01.2018;14973,3
11.01.2018;13405,8
12.01.2018;13980,6
13.01.2018;14360,2
14.01.2018;13772
15.01.2018;13819,8
16.01.2018;11490,5
17.01.2018;11188,6
18.01.2018;11474,9
19.01.2018;11607,4
20.01.2018;12899,2
21.01.2018;11600,1
22.01.2018;10931,4
23.01.2018;10868,4
24.01.2018;11359,4
25.01.2018;11259,4
26.01.2018;11171,4
27.01.2018;11440,7
28.01.2018;11786,3
29.01.2018;11296,4
30.01.2018;10106,3
31.01.2018;10221,1
1.02.2018;9170,5
2.02.2018;8830,8
3.02.2018;9174,9
4.02.2018;8277
5.02.2018;6955,3
6.02.2018;7754
7.02.2018;7621,3
8.02.2018;8265,6
9.02.2018;8737
10.02.2018;8621,9
11.02.2018;8130
12.02.2018;8926,6
13.02.2018;8598,3
14.02.2018;9494,6
15.02.2018;10166,4
16.02.2018;10233,9
17.02.2018;11112,7
18.02.2018;10551,8
19.02.2018;11225,3
20.02.2018;11403,7
21.02.2018;10690,4
22.02.2018;10005
23.02.2018;10301,1
24.02.2018;9813,1
25.02.2018;9664,7
26.02.2018;10366,7
27.02.2018;10725,6
28.02.2018;10397,9
1.03.2018;10951
2.03.2018;11086,4
3.03.2018;11489,7
4.03.2018;11512,6
5.03.2018;11573,3
6.03.2018;10779,9
7.03.2018;9965,6
8.03.2018;9395
9.03.2018;9337,6
10.03.2018;8866
11.03.2018;9578,6
12.03.2018;9205,1
13.03.2018;9194,9
14.03.2018;8269,8
15.03.2018;8300,9
16.03.2018;8338,4
17.03.2018;7916,9
18.03.2018;8223,7
19.03.2018;8630,7
20.03.2018;8913,5
21.03.2018;8929,3
22.03.2018;8728,5
23.03.2018;8879,6
24.03.2018;8668,1
25.03.2018;8495,8
26.03.2018;8209,4
27.03.2018;7833
28.03.2018;7954,5
29.03.2018;7165,7
30.03.2018;6890,5
31.03.2018;6973,5
1.04.2018;6844,2
2.04.2018;7083,8
3.04.2018;7456,1
4.04.2018;6853,8
5.04.2018;6811,5
6.04.2018;6636,3
7.04.2018;6911,1
8.04.2018;7023,5
9.04.2018;6770,7
10.04.2018;6834,8
11.04.2018;6968,3
12.04.2018;7889,3
13.04.2018;7896
14.04.2018;7986,2
15.04.2018;8329,1
16.04.2018;8058,7
17.04.2018;7902,1
18.04.2018;8163,4
19.04.2018;8294,3
20.04.2018;8845,8
21.04.2018;8895,6
22.04.2018;8802,5
23.04.2018;8930,9
24.04.2018;9697,5
25.04.2018;8845,7
26.04.2018;9281,5
27.04.2018;8987,1
28.04.2018;9348,5
29.04.2018;9419,1
30.04.2018;9240,6
1.05.2018;9119
2.05.2018;9235,9
3.05.2018;9743,9
4.05.2018;9700,8
5.05.2018;9858,2
6.05.2018;9654,8
7.05.2018;9373
8.05.2018;9234,8
9.05.2018;9325,2
10.05.2018;9043,9
11.05.2018;8441,5
12.05.2018;8504,9
13.05.2018;8723,9
14.05.2018;8716,8
15.05.2018;8510,4
16.05.2018;8368,8
17.05.2018;8094,3
18.05.2018;8251
19.05.2018;8247,2
20.05.2018;8513,3
21.05.2018;8419
22.05.2018;8041,8
23.05.2018;7557,8
24.05.2018;7587,3
25.05.2018;7480,1
26.05.2018;7355,9
27.05.2018;7368,2
28.05.2018;7136
29.05.2018;7472,6
30.05.2018;7406,5
31.05.2018;7494,2
1.06.2018;7541,5
2.06.2018;7643,5
3.06.2018;7720,3
4.06.2018;7514,5
5.06.2018;7633,8
6.06.2018;7654
7.06.2018;7678,2
8.06.2018;7624,9
9.06.2018;7532
10.06.2018;6786
11.06.2018;6906,9
12.06.2018;6582,4
13.06.2018;6349,9
14.06.2018;6675,4
15.06.2018;6456,6
16.06.2018;6550,2
17.06.2018;6499,3
18.06.2018;6734,8
19.06.2018;6769,9
20.06.2018;6776,6
21.06.2018;6729,7
22.06.2018;6083,7
23.06.2018;6162,5
24.06.2018;6173,2
25.06.2018;6249,2
26.06.2018;6093,7
27.06.2018;6157,1
28.06.2018;5903,4
29.06.2018;6218,3
30.06.2018;6404
1.07.2018;6385,8
2.07.2018;6614,2
3.07.2018;6529,6
4.07.2018;6597,6
5.07.2018;6639,1
6.07.2018;6673,5
7.07.2018;6856,9
8.07.2018;6773,9
9.07.2018;6741,8
10.07.2018;6330
11.07.2018;6394,7
12.07.2018;6228,8
13.07.2018;6238,1
14.07.2018;6276,1
15.07.2018;6359,6
16.07.2018;6741,8
17.07.2018;7321
18.07.2018;7370,8
19.07.2018;7466,9
20.07.2018;7354,1
21.07.2018;7419,3
22.07.2018;7418,5
23.07.2018;7711,1
24.07.2018;8424,3
25.07.2018;8181,4
26.07.2018;7951,6
27.07.2018;8165
28.07.2018;8192,2
29.07.2018;8218,5
30.07.2018;8180,5
31.07.2018;7780,4
1.08.2018;7624,9
2.08.2018;7567,2
3.08.2018;7434,4
4.08.2018;7032,9
5.08.2018;7068,5
6.08.2018;6951,8
7.08.2018;6753,1
8.08.2018;6305,8
9.08.2018;6568,2
10.08.2018;6184,7
11.08.2018;6295,7
12.08.2018;6322,7
13.08.2018;6297,6
14.08.2018;6199,7
15.08.2018;6308,5
16.08.2018;6334,7
17.08.2018;6580,6
18.08.2018;6423,8
19.08.2018;6506,1
20.08.2018;6308,5
21.08.2018;6488,8
22.08.2018;6376,7
23.08.2018;6534,9
24.08.2018;6720
25.08.2018;6763,2
26.08.2018;6707,3
27.08.2018;6884,6
28.08.2018;7096,3
29.08.2018;7047,2
30.08.2018;6978,2
31.08.2018;7037,6
1.09.2018;7193,3
2.09.2018;7272,7
3.09.2018;7260,1
4.09.2018;7361,7
5.09.2018;6792,8
6.09.2018;6529,2
7.09.2018;6467,1
8.09.2018;6226
9.09.2018;6300,9
10.09.2018;6329,7
11.09.2018;6321,2
12.09.2018;6351,8
13.09.2018;6517,3
14.09.2018;6512,7
15.09.2018;6543,2
16.09.2018;6517,2
17.09.2018;6281,2
18.09.2018;6371,3
19.09.2018;6398,5
20.09.2018;6519,7
21.09.2018;6735
22.09.2018;6722
23.09.2018;6710,6
24.09.2018;6595,4
25.09.2018;6446,5
26.09.2018;6495
27.09.2018;6676,8
28.09.2018;6644,1
29.09.2018;6602
30.09.2018;6625,6
1.10.2018;6589,6
2.10.2018;6556,1
3.10.2018;6502,6
4.10.2018;6576,7
5.10.2018;6622,5
6.10.2018;6588,3
7.10.2018;6603
8.10.2018;6652,2
9.10.2018;6642,6
10.10.2018;6585,5
11.10.2018;6256,2
12.10.2018;6274,6
13.10.2018;6286
14.10.2018;6290,9
15.10.2018;6596,5
16.10.2018;6596,1
17.10.2018;6544,4
18.10.2018;6476,7
19.10.2018;6465,4
20.10.2018;6489,2
21.10.2018;6482,4
22.10.2018;6487,2
23.10.2018;6475,7
24.10.2018;6495,8
25.10.2018;6476,3
26.10.2018;6474,8
27.10.2018;6480,4
28.10.2018;6486,4
29.10.2018;6332,6
30.10.2018;6334,3
31.10.2018;6317,6
1.11.2018;6377,8
2.11.2018;6388,4
3.11.2018;6361,3
4.11.2018;6376,1
5.11.2018;6419,7
6.11.2018;6461
7.11.2018;6530,1
8.11.2018;6453,7
9.11.2018;6385,6
10.11.2018;6409,2
11.11.2018;6411,3
12.11.2018;6371,3
13.11.2018;6359,5
14.11.2018;5738,4
15.11.2018;5648
16.11.2018;5575,6
17.11.2018;5554,3
18.11.2018;5623,5
19.11.2018;4871,5
20.11.2018;4451,9
21.11.2018;4602,2
22.11.2018;4365,9
23.11.2018;4347,1
24.11.2018;3880,8
25.11.2018;4010
26.11.2018;3779,1
27.11.2018;3820,7
28.11.2018;4257,4
29.11.2018;4278,9
30.11.2018;4017,3
1.12.2018;4214,7
2.12.2018;4139,9
3.12.2018;3894,1
4.12.2018;3956,9
5.12.2018;3754
6.12.2018;3521,1
7.12.2018;3419,9
8.12.2018;3476,1
9.12.2018;3614,2
10.12.2018;3502,7
11.12.2018;3424,6
12.12.2018;3487
13.12.2018;3313,7
14.12.2018;3242,5
15.12.2018;3236,8
16.12.2018;3252,8
17.12.2018;3545,9
18.12.2018;3696,1
19.12.2018;3746
20.12.2018;4134,4
21.12.2018;3896,5
22.12.2018;4014,2
23.12.2018;3999
24.12.2018;4078,6
25.12.2018;3815,5
26.12.2018;3857,3
27.12.2018;3654,8
28.12.2018;3923,9
29.12.2018;3820,4
30.12.2018;3866
31.12.2018;3742,7
1.01.2019;3843,5
2.01.2019;3943,4
3.01.2019;3836,7
4.01.2019;3857,7
5.01.2019;3845,2
6.01.2019;4076,6
7.01.2019;4025,3
8.01.2019;4030,9
9.01.2019;4035,3
10.01.2019;3678,9
11.01.2019;3687,4
12.01.2019;3661,3
13.01.2019;3553
14.01.2019;3706,1
15.01.2019;3630,7
16.01.2019;3655
17.01.2019;3678,6
18.01.2019;3657,8
19.01.2019;3728,6
20.01.2019;3601
21.01.2019;3576
22.01.2019;3604,6
23.01.2019;3585,1
24.01.2019;3600,9
25.01.2019;3599,8
26.01.2019;3602,5
27.01.2019;3584
28.01.2019;3470,5
29.01.2019;3448,1
30.01.2019;3486,2
31.01.2019;3457,8
1.02.2019;3488
2.02.2019;3521,1
3.02.2019;3464
4.02.2019;3459,2
5.02.2019;3466,4
6.02.2019;3413,8
7.02.2019;3399,5
8.02.2019;3666,8
9.02.2019;3671,2
10.02.2019;3690,2
11.02.2019;3648,4
12.02.2019;3653,5
13.02.2019;3632,1
14.02.2019;3616,9
15.02.2019;3620,8
16.02.2019;3629,8
17.02.2019;3673,8
18.02.2019;3915,7
19.02.2019;3947,1
20.02.2019;3999,8
21.02.2019;3954,1
22.02.2019;4005,5
23.02.2019;4142,5
24.02.2019;3810,4
25.02.2019;3882,7
26.02.2019;3854,4
27.02.2019;3851,1
28.02.2019;3854,8
1.03.2019;3859,6
2.03.2019;3864,4
3.03.2019;3847,2
4.03.2019;3761,6
5.03.2019;3896,4
6.03.2019;3903,9
7.03.2019;3911,5
8.03.2019;3901,1
9.03.2019;3963,3
10.03.2019;3951,6
11.03.2019;3905,2
12.03.2019;3909,2
13.03.2019;3906,7
14.03.2019;3924,4
15.03.2019;3960,9
16.03.2019;4048,7
17.03.2019;4025,2
18.03.2019;4032,5
19.03.2019;4071,2
20.03.2019;4087,5
21.03.2019;4029,3
22.03.2019;4024
23.03.2019;4035,8
24.03.2019;4022,2
25.03.2019;3963,1
26.03.2019;3985,1
27.03.2019;4087,1
28.03.2019;4069,1
29.03.2019;4098,4
30.03.2019;4106,7
31.03.2019;4105,4
1.04.2019;4158,2
2.04.2019;4879,9
3.04.2019;4973
4.04.2019;4922,8
5.04.2019;5036,7
6.04.2019;5059,8
7.04.2019;5198,9
8.04.2019;5289,8
9.04.2019;5205
10.04.2019;5324,6
11.04.2019;5064,5
12.04.2019;5089,5
13.04.2019;5096,6
14.04.2019;5167,7
15.04.2019;5067,1
16.04.2019;5235,6
17.04.2019;5251,9
18.04.2019;5298,4
19.04.2019;5303,8
20.04.2019;5337,9
21.04.2019;5314,5
22.04.2019;5399,4
23.04.2019;5572,4
24.04.2019;5464,9
25.04.2019;5210,5
26.04.2019;5279,4
27.04.2019;5268,3
28.04.2019;5285,1
29.04.2019;5247,4
30.04.2019;5350,7
1.05.2019;5402,7
2.05.2019;5505,3
3.05.2019;5768,3
4.05.2019;5831,2
5.05.2019;5795,7
6.05.2019;5746,8
7.05.2019;5829,5
8.05.2019;5982,5
9.05.2019;6174,5
10.05.2019;6378,9
11.05.2019;7204,8
12.05.2019;6972,4
13.05.2019;7814,9
14.05.2019;7994,4
15.05.2019;8205,2
16.05.2019;7884,9
17.05.2019;7343,9
18.05.2019;7271,2
19.05.2019;8197,7
20.05.2019;7978,3
21.05.2019;7963,3
22.05.2019;7680,1
23.05.2019;7881,9
24.05.2019;7987,4
25.05.2019;8052,5
26.05.2019;8673,2
27.05.2019;8805,8
28.05.2019;8720
29.05.2019;8659,5
30.05.2019;8319,5
31.05.2019;8574,5
1.06.2019;8564
2.06.2019;8743
3.06.2019;8209
4.06.2019;7707,8
5.06.2019;7824,2
6.06.2019;7822
7.06.2019;8044
8.06.2019;7954,1
9.06.2019;7688,1
10.06.2019;8000,3
11.06.2019;7927,7
12.06.2019;8145,9
13.06.2019;8230,9
14.06.2019;8693,8
15.06.2019;8838,4
16.06.2019;8994,5
17.06.2019;9320,4
18.06.2019;9081,8
19.06.2019;9273,5
20.06.2019;9527,2
21.06.2019;10144,6
22.06.2019;10701,7
23.06.2019;10855,4
24.06.2019;11011,1
25.06.2019;11790,9
26.06.2019;13016,2
27.06.2019;11182,8
28.06.2019;12407,3
29.06.2019;11959,4
30.06.2019;10817,2
1.07.2019;10583,1
2.07.2019;10801,7
3.07.2019;11961,3
4.07.2019;11215,4
5.07.2019;10978,5
6.07.2019;11208,6
7.07.2019;11450,9
8.07.2019;12286
9.07.2019;12573,8
10.07.2019;12156,5
11.07.2019;11358,7
12.07.2019;11816
13.07.2019;11392,4
14.07.2019;10256,1
15.07.2019;10895,1
16.07.2019;9477,6
17.07.2019;9693,8
18.07.2019;10666,5
19.07.2019;10530,7
20.07.2019;10767,1
21.07.2019;10599,1
22.07.2019;10343,1
23.07.2019;9900,8
24.07.2019;9811,9
25.07.2019;9911,8
26.07.2019;9870,3
27.07.2019;9477,7
28.07.2019;9552,9
29.07.2019;9519,2
30.07.2019;9607,4
31.07.2019;10085,6
1.08.2019;10399,7
2.08.2019;10518,2
3.08.2019;10821,7
4.08.2019;10970,2
5.08.2019;11805,7
6.08.2019;11478,2
7.08.2019;11942
8.08.2019;11966,4
9.08.2019;11862,9
10.08.2019;11354
11.08.2019;11523,6
12.08.2019;11382,6
13.08.2019;10895,8
14.08.2019;10051,7
15.08.2019;10311,6
16.08.2019;10374,3
17.08.2019;10231,7
18.08.2019;10345,8
19.08.2019;10916,1
20.08.2019;10763,2
21.08.2019;10138,1
22.08.2019;10131,1
23.08.2019;10408
24.08.2019;10160
25.08.2019;10138,5
26.08.2019;10370,8
27.08.2019;10185,5
28.08.2019;9754,4
29.08.2019;9510,2
30.08.2019;9598,2
31.08.2019;9630,7
1.09.2019;9758
2.09.2019;10346,8
3.09.2019;10623,5
4.09.2019;10594,5
5.09.2019;10575,5
6.09.2019;10353,3
7.09.2019;10517,3
8.09.2019;10441,3
9.09.2019;10335
10.09.2019;10116
11.09.2019;10178,4
12.09.2019;10410,1
13.09.2019;10360,6
14.09.2019;10358,1
15.09.2019;10347,7
16.09.2019;10276,8
17.09.2019;10241,3
18.09.2019;10198,3
19.09.2019;10266,4
20.09.2019;10181,6
21.09.2019;10019,7
22.09.2019;10070,4
23.09.2019;9729,3
24.09.2019;8620,6
25.09.2019;8487
26.09.2019;8119
27.09.2019;8251,9
28.09.2019;8245,9
29.09.2019;8104,2
30.09.2019;8293,9
1.10.2019;8343,3
2.10.2019;8393
3.10.2019;8260
4.10.2019;8205,9
5.10.2019;8151,5
6.10.2019;7988,2
7.10.2019;8245,6
8.10.2019;8228,8
9.10.2019;8595,7
10.10.2019;8586,5
11.10.2019;8321,8
12.10.2019;8336,6
13.10.2019;8321
14.10.2019;8374,7
15.10.2019;8205,4
16.10.2019;8047,5
17.10.2019;8103,9
18.10.2019;7973,2
19.10.2019;7988,6
20.10.2019;8222,1
21.10.2019;8243,7
22.10.2019;8078,2
23.10.2019;7514,7
24.10.2019;7493,5
25.10.2019;8660,7
26.10.2019;9245
27.10.2019;9551,7
28.10.2019;9256,2
29.10.2019;9427,7
30.10.2019;9205,7
31.10.2019;9199,6
1.11.2019;9261,1
2.11.2019;9324,7
3.11.2019;9235,4
4.11.2019;9412,6
5.11.2019;9342,5
6.11.2019;9360,9
7.11.2019;9267,6
8.11.2019;8804,9
9.11.2019;8813,6
10.11.2019;9055,5
11.11.2019;8757,8
12.11.2019;8815,7
13.11.2019;8808,3
14.11.2019;8708,1
15.11.2019;8492
16.11.2019;8550,8
17.11.2019;8578
18.11.2019;8309,3
19.11.2019;8206,2
20.11.2019;8027,3
21.11.2019;7642,8
22.11.2019;7296,6
23.11.2019;7397,8
24.11.2019;7047,9
25.11.2019;7146,1
26.11.2019;7218,4
27.11.2019;7531,7
28.11.2019;7463,1
29.11.2019;7761,2
30.11.2019;7569,6
1.12.2019;7424,3
2.12.2019;7322
3.12.2019;7320,2
4.12.2019;7252
5.12.2019;7448,3
6.12.2019;7547
7.12.2019;7556,2
8.12.2019;7564,4
9.12.2019;7400,9
10.12.2019;7278,1
11.12.2019;7217,4
12.12.2019;7243,1
13.12.2019;7269,7
14.12.2019;7124,7
15.12.2019;7152,3
16.12.2019;6932,5
17.12.2019;6640,5
18.12.2019;7276,8
19.12.2019;7202,8
20.12.2019;7218,8
21.12.2019;7191,2
22.12.2019;7511,6
23.12.2019;7355,6
24.12.2019;7322,5
25.12.2019;7275,2
26.12.2019;7239
27.12.2019;7290,1
28.12.2019;7318
29.12.2019;7422,7
30.12.2019;7293
31.12.2019;7193,6
1.01.2020;7200,2
2.01.2020;6985,5
3.01.2020;7344,9
4.01.2020;7410,7
5.01.2020;7411,3
6.01.2020;7769,2
7.01.2020;8163,7
8.01.2020;8079,9
9.01.2020;7879,1
10.01.2020;8166,6
11.01.2020;8037,5
12.01.2020;8192,5
13.01.2020;8144,2
14.01.2020;8827,8
15.01.2020;8807
16.01.2020;8723,8
17.01.2020;8929
18.01.2020;8942,8
19.01.2020;8706,3
20.01.2020;8657,6
21.01.2020;8745,9
22.01.2020;8680,9
23.01.2020;8406,5
24.01.2020;8445,4
25.01.2020;8367,9
26.01.2020;8596,8
27.01.2020;8909,8
28.01.2020;9358,6
29.01.2020;9316,6
30.01.2020;9509
31.01.2020;9350,5
1.02.2020;9392,9
2.02.2020;9344,4
3.02.2020;9293,5
4.02.2020;9181
5.02.2020;9613,4
6.02.2020;9729,8
7.02.2020;9795,9
8.02.2020;9865,1
9.02.2020;10116,7
10.02.2020;9856,6
11.02.2020;10208,2
12.02.2020;10326,1
13.02.2020;10214,4
14.02.2020;10312,1
15.02.2020;9889,4
16.02.2020;9934,4
17.02.2020;9690,1
18.02.2020;10142
19.02.2020;9633,4
20.02.2020;9608,5
21.02.2020;9686,4
22.02.2020;9663,2
23.02.2020;9924,5
24.02.2020;9650,2
25.02.2020;9341,7
26.02.2020;8820,5
27.02.2020;8784,5
28.02.2020;8672,5
29.02.2020;8599,5
1.03.2020;8562,5
2.03.2020;8869,7
3.03.2020;8787,8
4.03.2020;8755,3
5.03.2020;9078,8
6.03.2020;9122,6
7.03.2020;8910
8.03.2020;8108,1
9.03.2020;7923,6
10.03.2020;7909,7
11.03.2020;7911,4
12.03.2020;4970,8
13.03.2020;5563,7
14.03.2020;5200,4
15.03.2020;5392,3
16.03.2020;5014,5
17.03.2020;5225,6
18.03.2020;5238,4
19.03.2020;6191,2
20.03.2020;6198,8
21.03.2020;6185,1
22.03.2020;5830,3
23.03.2020;6416,3
24.03.2020;6734,8
25.03.2020;6681,1
26.03.2020;6716,4
27.03.2020;6469,8
28.03.2020;6242,2
29.03.2020;5922
30.03.2020;6429,8
31.03.2020;6438,6
1.04.2020;6606,8
2.04.2020;6793,6
3.04.2020;6733,4
4.04.2020;6867,5
5.04.2020;6791,1
6.04.2020;7271,8
7.04.2020;7176,4
8.04.2020;7334,1
9.04.2020;7302,1
10.04.2020;6865,5
11.04.2020;6859,1
12.04.2020;6971,1
13.04.2020;6845
14.04.2020;6842,4
15.04.2020;6642,1
16.04.2020;7116,8
17.04.2020;7096,2
18.04.2020;7257,7
19.04.2020;7189,4
20.04.2020;6882
21.04.2020;6880,3
22.04.2020;7117,2
23.04.2020;7429,7
24.04.2020;7550,9
25.04.2020;7569,9
26.04.2020;7679,9
27.04.2020;7795,6
28.04.2020;7807,1
29.04.2020;8801
30.04.2020;8658,6
1.05.2020;8864,8
2.05.2020;8988,6
3.05.2020;8897,5
4.05.2020;8912,7
5.05.2020;9003,1
6.05.2020;9268,8
7.05.2020;9951,5
8.05.2020;9842,7
9.05.2020;9593,9
10.05.2020;8756,4
11.05.2020;8601,8
12.05.2020;8804,5
13.05.2020;9270
14.05.2020;9733,7
15.05.2020;9328,2
16.05.2020;9377
17.05.2020;9670,7
18.05.2020;9726,6
19.05.2020;9729
20.05.2020;9523
21.05.2020;9081,8
22.05.2020;9182,6
23.05.2020;9209,3
24.05.2020;8790,4
25.05.2020;8906,9
26.05.2020;8835,1
27.05.2020;9181
28.05.2020;9525,8
29.05.2020;9439,1
30.05.2020;9700,4
31.05.2020;9461,1
1.06.2020;10167,3
2.06.2020;9529,8
3.06.2020;9656,7
4.06.2020;9800,6
5.06.2020;9665,5
6.06.2020;9653,7
7.06.2020;9758,9
8.06.2020;9771,5
9.06.2020;9795,7
10.06.2020;9870,1
11.06.2020;9321,8
12.06.2020;9480,8
13.06.2020;9475,3
14.06.2020;9386,8
15.06.2020;9450,7
16.06.2020;9538
17.06.2020;9480,3
18.06.2020;9411,8
19.06.2020;9288
20.06.2020;9332,3
21.06.2020;9303,6
22.06.2020;9648,7
23.06.2020;9629,7
24.06.2020;9313,6
25.06.2020;9264,8
26.06.2020;9162,9
27.06.2020;9045,4
28.06.2020;9143,6
29.06.2020;9190,9
30.06.2020;9138
1.07.2020;9228,3
2.07.2020;9123,4
3.07.2020;9087,3
4.07.2020;9132,5
5.07.2020;9073,9
6.07.2020;9375,5
7.07.2020;9252,3
8.07.2020;9428,3
9.07.2020;9278
10.07.2020;9278,8
11.07.2020;9240,4
12.07.2020;9276,5
13.07.2020;9243,6
14.07.2020;9243,2
15.07.2020;9192,8
16.07.2020;9132,2
17.07.2020;9151,4
18.07.2020;9159
19.07.2020;9185,8
20.07.2020;9164,2
21.07.2020;9374,9
22.07.2020;9525,4
23.07.2020;9581,1
24.07.2020;9536,9
25.07.2020;9677,1
26.07.2020;9905,2
27.07.2020;10990,9
28.07.2020;10912,8
29.07.2020;11100,5
30.07.2020;11111,2
31.07.2020;11323,5
1.08.2020;11759,6
2.08.2020;11053,6
3.08.2020;11246,4
4.08.2020;11205,9
5.08.2020;11747
6.08.2020;11779,8
7.08.2020;11601,5
8.08.2020;11754,1
9.08.2020;11675,7
10.08.2020;11878,1
11.08.2020;11410,5
12.08.2020;11584,9
13.08.2020;11784,1
14.08.2020;11768,9
15.08.2020;11865,7
16.08.2020;11892,8
17.08.2020;12254,4
18.08.2020;11991,2
19.08.2020;11758,3
20.08.2020;11878,4
21.08.2020;11592,5
22.08.2020;11681,8
23.08.2020;11664,9
24.08.2020;11774,6
25.08.2020;11366,1
26.08.2020;11488,4
27.08.2020;11323,4
28.08.2020;11542,5
29.08.2020;11506,9
30.08.2020;11711,5
31.08.2020;11680,8
1.09.2020;11970,5
2.09.2020;11414
3.09.2020;10245,3
4.09.2020;10511,8
5.09.2020;10169,6
6.09.2020;10280,4
7.09.2020;10369,6
8.09.2020;10131,5
9.09.2020;10242,4
10.09.2020;10363,1
11.09.2020;10400,9
12.09.2020;10442,2
13.09.2020;10323,8
14.09.2020;10680,8
15.09.2020;10797
16.09.2020;10974,9
17.09.2020;10949
18.09.2020;10944,6
19.09.2020;11094,4
20.09.2020;10938,3
21.09.2020;10462,3
22.09.2020;10538,5
23.09.2020;10246,2
24.09.2020;10760,1
25.09.2020;10692,7
26.09.2020;10750,7
27.09.2020;10775,3
28.09.2020;10709,7
29.09.2020;10844,6
30.09.2020;10784,5
1.10.2020;10619,5
2.10.2020;10576
3.10.2020;10549,3
4.10.2020;10669,6
5.10.2020;10793,3
6.10.2020;10604,4
7.10.2020;10669
8.10.2020;10915,7
9.10.2020;11064,5
10.10.2020;11296,4
11.10.2020;11384,2
12.10.2020;11555,4
13.10.2020;11425,9
14.10.2020;11429,5
15.10.2020;11495,4
16.10.2020;11322,1
17.10.2020;11358,1
18.10.2020;11483,4
19.10.2020;11742
20.10.2020;11916,3
21.10.2020;12823,7
22.10.2020;12965,9
23.10.2020;12931,5
24.10.2020;13108,1
25.10.2020;13031,2
26.10.2020;13075,3
27.10.2020;13654,2
28.10.2020;13271,3
29.10.2020;13437,9
30.10.2020;13546,5
31.10.2020;13781
1.11.2020;13737,1
2.11.2020;13550,5
3.11.2020;13950,3
4.11.2020;14133,7
5.11.2020;15579,9
6.11.2020;15565,9
7.11.2020;14833,8
8.11.2020;15479,6
9.11.2020;15332,3
10.11.2020;15290,9
11.11.2020;15701,3
12.11.2020;16276,3
13.11.2020;16317,8
14.11.2020;16068,1
15.11.2020;15955,6
16.11.2020;16716,1
17.11.2020;17645,4
18.11.2020;17804
19.11.2020;17817,1
20.11.2020;18621,3
21.11.2020;18642,2
22.11.2020;18370
23.11.2020;18364,1
24.11.2020;19107,5
25.11.2020;18732,1
26.11.2020;17150,6
27.11.2020;17108,4
28.11.2020;17717,4
29.11.2020;18177,5
30.11.2020;19625,8
1.12.2020;18803
2.12.2020;19201,1
3.12.2020;19445,4
4.12.2020;18699,8
5.12.2020;19154,2
6.12.2020;19345,1
7.12.2020;19191,6
8.12.2020;18321,1
9.12.2020;18553,9
10.12.2020;18265
11.12.2020;18058,9
12.12.2020;18803,7
13.12.2020;19142,4
14.12.2020;19246,6
15.12.2020;19417,1
16.12.2020;21310,6
17.12.2020;22805,2
18.12.2020;23138
19.12.2020;23869,8
20.12.2020;23477,3
21.12.2020;22803,1
22.12.2020;23783
23.12.2020;23241,4
24.12.2020;23736
25.12.2020;24664,8
26.12.2020;26437
27.12.2020;26272,3
28.12.2020;27084,8
29.12.2020;27362,4
30.12.2020;28841
31.12.2020;29001,7
1.01.2021;29374,2
2.01.2021;32127,3
3.01.2021;32782
4.01.2021;31971,9
5.01.2021;33992,4
6.01.2021;36824,4
7.01.2021;39371
8.01.2021;40797,6
9.01.2021;40254,6
10.01.2021;38356,4
11.01.2021;35566,7
12.01.2021;33923
13.01.2021;37316,4
14.01.2021;39187,3
15.01.2021;36825,4
16.01.2021;36178,1
17.01.2021;35791,3
18.01.2021;36630,1
19.01.2021;36069,8
20.01.2021;35547,8
21.01.2021;30825,7
22.01.2021;33005,8
23.01.2021;32067,6
24.01.2021;32289,4
25.01.2021;32366,4
26.01.2021;32569,9
27.01.2021;30432,6
28.01.2021;33466,1
29.01.2021;34316,4
30.01.2021;34269,5
31.01.2021;33114,4
1.02.2021;33537,2
2.02.2021;35510,3
3.02.2021;37472,1
4.02.2021;36926,1
5.02.2021;38144,3
6.02.2021;39266
7.02.2021;38903,4
8.02.2021;46196,5
9.02.2021;46481,1
10.02.2021;44918,2
11.02.2021;47909,3
12.02.2021;47504,9
13.02.2021;47105,5
14.02.2021;48717,3
15.02.2021;47945,1
16.02.2021;49199,9
17.02.2021;52149
18.02.2021;51679,8
19.02.2021;55888,1
20.02.2021;56099,5
21.02.2021;57540
22.02.2021;54207,3
23.02.2021;48824,4
24.02.2021;49705,3
25.02.2021;47093,9
26.02.2021;46339,8
27.02.2021;46188,5
28.02.2021;45137,8
1.03.2021;49631,2
2.03.2021;48379
3.03.2021;50538,2
4.03.2021;48561,2
5.03.2021;48927,3
6.03.2021;48912,4
7.03.2021;51206,7
8.03.2021;52246,5
9.03.2021;54824,1
10.03.2021;56008,6
11.03.2021;57805,1
12.03.2021;57332,1
13.03.2021;61243,1
14.03.2021;59302,3
15.03.2021;55907,2
16.03.2021;56804,9
17.03.2021;58870,9
18.03.2021;57858,9
19.03.2021;58346,7
20.03.2021;58313,6
21.03.2021;57523,4
22.03.2021;54529,1
23.03.2021;54739
24.03.2021;52774,3
25.03.2021;51704,2
26.03.2021;55137,3
27.03.2021;55973,5
28.03.2021;55950,8
29.03.2021;57750,2
30.03.2021;58917,7
31.03.2021;58918,8
1.04.2021;59095,8
2.04.2021;59384,3
3.04.2021;57603,9
4.04.2021;58758,6
5.04.2021;59057,9
6.04.2021;58192,4
7.04.2021;56048,9
8.04.2021;58324
9.04.2021;58245
10.04.2021;59793,2
11.04.2021;60205
12.04.2021;59893,5
13.04.2021;63503,5
14.04.2021;63109,7
15.04.2021;63314
16.04.2021;61572,8
17.04.2021;60683,8
18.04.2021;56216,2
19.04.2021;55724,3
20.04.2021;56473
21.04.2021;53906,1
22.04.2021;51762,3
23.04.2021;51093,7
24.04.2021;50050,9
25.04.2021;49004,3
26.04.2021;54021,8
27.04.2021;55033,1
28.04.2021;54824,7
29.04.2021;53555,1
30.04.2021;57750,2
1.05.2021;57828,1
2.05.2021;56631,1
3.05.2021;57200,3
4.05.2021;53333,5
5.05.2021;57424
6.05.2021;56396,5
7.05.2021;57356,4
8.05.2021;58803,8
9.05.2021;58232,3
10.05.2021;55859,8
11.05.2021;56704,6
12.05.2021;49150,5
13.05.2021;49716,2
14.05.2021;49880,5
15.05.2021;46760,2
16.05.2021;46456,1
17.05.2021;43537,5
18.05.2021;42909,4
19.05.2021;37002,4
20.05.2021;40782,7
21.05.2021;37304,7
22.05.2021;37536,6
23.05.2021;34770,6
24.05.2021;38706
25.05.2021;38402,2
26.05.2021;39294,2
27.05.2021;38437
28.05.2021;35697,6
29.05.2021;34616,1
30.05.2021;35678,1
31.05.2021;37332,9
1.06.2021;36684,9
2.06.2021;37575,2
3.06.2021;39208,8
4.06.2021;36894,4
5.06.2021;35552
6.06.2021;35862,4
7.06.2021;33560,7
8.06.2021;33472,6
9.06.2021;37345,1
10.06.2021;36702,6
11.06.2021;37334,4
12.06.2021;35552,5
13.06.2021;39097,9
14.06.2021;40218,5
15.06.2021;40406,3
16.06.2021;38347,1
17.06.2021;38053,5
18.06.2021;35787,3
19.06.2021;35615,9
20.06.2021;35698,3
21.06.2021;31676,7
22.06.2021;32505,7
23.06.2021;33723
24.06.2021;34662,4
25.06.2021;31637,8
26.06.2021;32186,3
27.06.2021;34649,6
28.06.2021;34434,3
29.06.2021;35867,8
30.06.2021;35040,8
1.07.2021;33572,1
2.07.2021;33897,1
3.07.2021;34668,6
4.07.2021;35287,8
5.07.2021;33746
6.07.2021;34235,2
7.07.2021;33855,3
8.07.2021;32877,4
9.07.2021;33798
10.07.2021;33520,5
11.07.2021;34240,2
12.07.2021;33155,9
13.07.2021;32702
14.07.2021;32822,4
15.07.2021;31780,7
16.07.2021;31421,5
17.07.2021;31533,1
18.07.2021;31796,8
19.07.2021;30817,8
20.07.2021;29807,4
21.07.2021;32110,7
22.07.2021;32313,1
23.07.2021;33581,6
24.07.2021;34292,5
25.07.2021;35350,2
26.07.2021;37337,5
27.07.2021;39406,9
28.07.2021;39995,9
29.07.2021;40008,4
30.07.2021;42235,6
31.07.2021;41626,2
1.08.2021;39974,9
2.08.2021;39202
3.08.2021;38153
4.08.2021;39747,5
5.08.2021;40869,6
6.08.2021;42816,5
7.08.2021;44555,8
8.08.2021;43798,1
9.08.2021;46365,4
10.08.2021;45585
11.08.2021;45593,6
12.08.2021;44428,3
13.08.2021;47793,3
14.08.2021;47097
15.08.2021;47047
16.08.2021;46004,5
17.08.2021;44695,4
18.08.2021;44801,2
19.08.2021;46717,6
20.08.2021;49339,2
21.08.2021;48905,5
22.08.2021;49321,7
23.08.2021;49546,2
24.08.2021;47706,1
25.08.2021;48960,8
26.08.2021;46942,2
27.08.2021;49058,7
28.08.2021;48902,4
29.08.2021;48829,8
30.08.2021;47055
31.08.2021;47166,7
1.09.2021;48847
2.09.2021;49327,7
3.09.2021;50025,4
4.09.2021;49944,6
5.09.2021;51753,4
6.09.2021;52633,5
7.09.2021;46811,1
8.09.2021;46091,4
9.09.2021;46391,4
10.09.2021;44883,9
11.09.2021;45201,5
12.09.2021;46063,3
13.09.2021;44963,1
14.09.2021;47092,5
15.09.2021;48176,4
16.09.2021;47783,4
17.09.2021;47267,5
18.09.2021;48278,4
19.09.2021;47260,2
20.09.2021;42843,8
21.09.2021;40693,7
22.09.2021;43574,5
23.09.2021;44895,1
24.09.2021;42839,8
25.09.2021;42716,6
26.09.2021;43208,5
27.09.2021;42235,7
28.09.2021;41034,5
29.09.2021;41564,4
30.09.2021;43790,9
1.10.2021;48116,9
2.10.2021;47711,5
3.10.2021;48200
4.10.2021;49112,9
5.10.2021;51514,8
6.10.2021;55361,5
7.10.2021;53806
8.10.2021;53967,9
9.10.2021;54968,2
10.10.2021;54771,6
11.10.2021;57484,8
12.10.2021;56041,1
13.10.2021;57401,1
14.10.2021;57321,5
15.10.2021;61594
16.10.2021;60892,2
17.10.2021;61553,6
18.10.2021;62026,1
19.10.2021;64262
20.10.2021;65992,8
21.10.2021;62210,2
22.10.2021;60692,3
23.10.2021;61393,6
24.10.2021;60930,8
25.10.2021;63039,8
26.10.2021;60363,8
27.10.2021;58482,4
28.10.2021;60622,1
29.10.2021;62228
30.10.2021;61888,8
31.10.2021;61319
1.11.2021;61004,4
2.11.2021;63226,4
3.11.2021;62970,1
4.11.2021;61452,2
5.11.2021;61125,7
6.11.2021;61527,5
7.11.2021;63327
8.11.2021;67566,8
9.11.2021;66971,8
10.11.2021;64995,2
11.11.2021;64950
12.11.2021;64155,9
13.11.2021;64469,5
14.11.2021;65466,8
15.11.2021;63557,9
16.11.2021;60161,3
17.11.2021;60368
18.11.2021;56942,1
19.11.2021;58119,6
20.11.2021;59697,2
21.11.2021;58730,5
22.11.2021;56289,3
23.11.2021;57569,1
24.11.2021;56280,4
25.11.2021;57274,7
26.11.2021;53569,8
27.11.2021;54815,1
28.11.2021;57248,5
29.11.2021;57806,6
30.11.2021;57005,4
1.12.2021;57229,8
2.12.2021;56477,8
3.12.2021;53598,3
4.12.2021;49200,7
5.12.2021;49368,9
6.12.2021;50582,6
7.12.2021;50700,1
8.12.2021;50504,8
9.12.2021;47672,1
10.12.2021;47243,3
11.12.2021;49362,5
12.12.2021;50098,3
13.12.2021;46737,5
14.12.2021;46612,6
15.12.2021;48896,7
16.12.2021;47665,4
17.12.2021;46202,1
18.12.2021;46848,8
19.12.2021;46707
20.12.2021;46880,3
21.12.2021;48936,6
22.12.2021;48628,5
23.12.2021;50784,5
24.12.2021;50822,2
25.12.2021;50429,9
26.12.2021;50809,5
27.12.2021;50640,4
28.12.2021;47588,9
29.12.2021;46444,7
30.12.2021;47178,1
31.12.2021;46306,5
1.01.2022;47686,8
2.01.2022;47345,2
3.01.2022;46458,1
4.01.2022;45897,6
5.01.2022;43569
6.01.2022;43160,9
7.01.2022;41557,9
8.01.2022;41733,9
9.01.2022;41911,6
10.01.2022;41821,3
11.01.2022;42735,9
12.01.2022;43949,1
13.01.2022;42591,6
14.01.2022;43099,7
15.01.2022;43177,4
16.01.2022;43113,9
17.01.2022;42250,6
18.01.2022;42375,6
19.01.2022;41744,3
20.01.2022;40680,4
21.01.2022;36457,3
22.01.2022;35030,3
23.01.2022;36276,8
24.01.2022;36654,3
25.01.2022;36954
26.01.2022;36852,1
27.01.2022;37138,2
28.01.2022;37784,3
29.01.2022;38138,2
30.01.2022;37917,6
31.01.2022;38483,1
1.02.2022;38743,3
2.02.2022;36953
3.02.2022;37154,6
4.02.2022;41500,9
5.02.2022;41441,2
6.02.2022;42412,4
7.02.2022;43840,3
8.02.2022;44118,5
9.02.2022;44338,8
10.02.2022;43565,1
11.02.2022;42407,9
12.02.2022;42244,5
13.02.2022;42197,5
14.02.2022;42586,9
15.02.2022;44575,2
16.02.2022;43961,9
17.02.2022;40538
18.02.2022;40031
19.02.2022;40122,2
20.02.2022;38431,4
21.02.2022;37075,3
22.02.2022;38286
23.02.2022;37296,6
24.02.2022;38332,6
25.02.2022;39214,2
26.02.2022;39105,2
27.02.2022;37709,8
28.02.2022;43193,2
1.03.2022;44354,6
2.03.2022;43924,1
3.03.2022;42451,8
4.03.2022;39137,6
5.03.2022;39400,6
6.03.2022;38420
7.03.2022;38062
8.03.2022;38737,3
9.03.2022;41982,9
10.03.2022;39437,5
11.03.2022;38795
12.03.2022;38904
13.03.2022;37849,7
14.03.2022;39666,8
15.03.2022;39338,8
16.03.2022;41143,9
17.03.2022;40951,4
18.03.2022;41801,2
19.03.2022;42190,7
20.03.2022;41247,8
21.03.2022;41078
22.03.2022;42358,8
23.03.2022;42893
24.03.2022;43960,9
25.03.2022;44348,7
26.03.2022;44500,8
27.03.2022;46820,5
28.03.2022;47128
29.03.2022;47465,7
30.03.2022;47062,7
31.03.2022;45538,7
1.04.2022;46281,6
2.04.2022;45869
3.04.2022;46453,6
4.04.2022;46622,7
5.04.2022;45556
6.04.2022;43206,7
7.04.2022;43503,9
8.04.2022;42287,7
9.04.2022;42782,1
10.04.2022;42207,7
11.04.2022;39521,9
12.04.2022;40127,2
13.04.2022;41166,7
14.04.2022;39935,5
15.04.2022;40553,5
16.04.2022;40424,5
17.04.2022;39717
18.04.2022;40826,2
19.04.2022;41502,8
20.04.2022;41374,4
21.04.2022;40527,4
22.04.2022;39740,3
23.04.2022;39486,7
24.04.2022;39469,3
25.04.2022;40458,3
26.04.2022;38117,5
27.04.2022;39241,1
28.04.2022;39773,8
29.04.2022;38609,8
30.04.2022;37714,9
1.05.2022;38469,1
2.05.2022;38529,3
3.05.2022;37750,5
4.05.2022;39698,4
5.05.2022;36575,1
6.05.2022;36040,9
7.05.2022;35502
8.05.2022;34059,3
9.05.2022;30297
10.05.2022;31022,9
11.05.2022;28936,4
12.05.2022;29047,8
13.05.2022;29283,1
14.05.2022;30101,3
15.05.2022;31305,1
16.05.2022;29862,9
17.05.2022;30425,9
18.05.2022;28720,3
19.05.2022;30314,3
20.05.2022;29200,7
21.05.2022;29432,2
22.05.2022;30323,7
23.05.2022;29098,9
24.05.2022;29655,6
25.05.2022;29562,4
26.05.2022;29267,2
27.05.2022;28627,6
28.05.2022;28814,9
29.05.2022;29446
30.05.2022;31726,4
31.05.2022;31792,3
1.06.2022;29799,1
2.06.2022;30467,5
3.06.2022;29704,4
4.06.2022;29832,9
5.06.2022;29906,7
6.06.2022;31370,7
7.06.2022;31155,5
8.06.2022;30214,4
9.06.2022;30112
10.06.2022;29083,8
11.06.2022;28360,8
12.06.2022;26762,7
13.06.2022;22487,4
14.06.2022;22206,8
15.06.2022;22572,8
16.06.2022;20381,7
17.06.2022;20471,5
18.06.2022;19017,6
19.06.2022;20553,3
20.06.2022;20599,5
21.06.2022;20710,6
22.06.2022;19987
23.06.2022;21085,9
24.06.2022;21231,7
25.06.2022;21502,3
26.06.2022;21027,3
27.06.2022;20735,5
28.06.2022;20280,6
29.06.2022;20104
30.06.2022;19784,7
1.07.2022;19269,4
2.07.2022;19242,3
3.07.2022;19297,1
4.07.2022;20231,3
5.07.2022;20190,1
6.07.2022;20548,3
7.07.2022;21637,6
8.07.2022;21731,1
9.07.2022;21592,2
10.07.2022;20860,5
11.07.2022;19970,6
12.07.2022;19323,9
13.07.2022;20212,1
14.07.2022;20569,9
15.07.2022;20836,3
16.07.2022;21190,3
17.07.2022;20779,3
18.07.2022;22485,7
19.07.2022;23389,4
20.07.2022;23231,7
21.07.2022;23164,6
22.07.2022;22715
23.07.2022;22465,5
24.07.2022;22609,2
25.07.2022;21361,7
26.07.2022;21239,8
27.07.2022;22930,6
28.07.2022;23843,9
29.07.2022;23804,6
30.07.2022;23656,2
31.07.2022;23336,9
1.08.2022;23314,2
2.08.2022;22978,1
3.08.2022;22846,5
4.08.2022;22631
5.08.2022;23289,3
6.08.2022;22961,3
7.08.2022;23175,9
8.08.2022;23809,5
9.08.2022;23164,3
10.08.2022;23947,6
11.08.2022;23957,5
12.08.2022;24402,8
13.08.2022;24424,1
14.08.2022;24319,3
15.08.2022;24137
16.08.2022;23883,3
17.08.2022;23336
18.08.2022;23212,7
19.08.2022;20877,6
20.08.2022;21166,1
21.08.2022;21534,1
22.08.2022;21398,9
23.08.2022;21528,1
24.08.2022;21395
25.08.2022;21600,9
26.08.2022;20260
27.08.2022;20041,7
28.08.2022;19616,8
29.08.2022;20298
30.08.2022;19796,8
31.08.2022;20049,8
1.09.2022;20127,1
2.09.2022;19969,8
3.09.2022;19832,1
4.09.2022;19986,7
5.09.2022;19812,4
6.09.2022;18837,7
7.09.2022;19290,3
8.09.2022;19329,8
9.09.2022;21381,2
10.09.2022;21680,5
11.09.2022;21769,3
12.09.2022;22370,5
13.09.2022;20296,7
14.09.2022;20241,1
15.09.2022;19701,2
16.09.2022;19772,6
17.09.2022;20127,6
18.09.2022;19419,5
19.09.2022;19544,1
20.09.2022;18890,8
21.09.2022;18547,4
22.09.2022;19413,6
23.09.2022;19297,6
24.09.2022;18937
25.09.2022;18802,1
26.09.2022;19222,7
27.09.2022;19110,6
28.09.2022;19426,7
29.09.2022;19573,1
30.09.2022;19431,8
1.10.2022;19312,1
2.10.2022;19044,1
3.10.2022;19623,6
4.10.2022;20336,8
5.10.2022;20160,7
6.10.2022;19955,4
7.10.2022;19546,9
8.10.2022;19416,6
9.10.2022;19446,4
10.10.2022;19141,5
11.10.2022;19051,4
12.10.2022;19157,5
13.10.2022;19382,9
14.10.2022;19185,7
15.10.2022;19067,6
16.10.2022;19268,1
17.10.2022;19550,8
18.10.2022;19334,4
19.10.2022;19139,5
20.10.2022;19053,7
21.10.2022;19172,5
22.10.2022;19208,2
23.10.2022;19567
24.10.2022;19345,6
25.10.2022;20095,9
26.10.2022;20770,4
27.10.2022;20285,8
28.10.2022;20595,4
29.10.2022;20818,5
30.10.2022;20635,6
31.10.2022;20495,8
1.11.2022;20485,3
2.11.2022;20159,5
3.11.2022;20210
4.11.2022;21147,2
5.11.2022;21282,7
6.11.2022;20926,5
7.11.2022;20602,8
8.11.2022;18541,3
9.11.2022;15880,8
10.11.2022;17586,8
11.11.2022;17034,3
12.11.2022;16799,2
13.11.2022;16353,4
14.11.2022;16618,2
15.11.2022;16884,6
16.11.2022;16669,4
17.11.2022;16687,5
18.11.2022;16697,8
19.11.2022;16711,6
20.11.2022;16291,8
21.11.2022;15787,3
22.11.2022;16189,8
23.11.2022;16610,7
24.11.2022;16604,5
25.11.2022;16521,8
26.11.2022;16464,3
27.11.2022;16444,6
28.11.2022;16217,3
29.11.2022;16445
30.11.2022;17168,6
1.12.2022;16967,1
2.12.2022;17088,7
3.12.2022;16908,2
4.12.2022;17130,5
5.12.2022;16974,8
6.12.2022;17089,5
7.12.2022;16848,1
8.12.2022;17233,5
9.12.2022;17133,2
10.12.2022;17128,7
11.12.2022;17104,2
12.12.2022;17206,4
13.12.2022;17781,3
14.12.2022;17815,7
15.12.2022;17364,9
16.12.2022;16647,5
17.12.2022;16795,1
18.12.2022;16758
19.12.2022;16439,7
20.12.2022;16906,3
21.12.2022;16817,5
22.12.2022;16830,3
23.12.2022;16797
24.12.2022;16847,8
25.12.2022;16842
26.12.2022;16919,8
27.12.2022;16717,2
28.12.2022;16552,6
29.12.2022;16642,3
30.12.2022;16602,6
31.12.2022;16547,5
1.01.2023;16625,1
2.01.2023;16688,5
3.01.2023;16679,9
4.01.2023;16863,2
5.01.2023;16836,7
6.01.2023;16952
7.01.2023;16955,1
8.01.2023;17091,1
9.01.2023;17196,6
10.01.2023;17446,3
11.01.2023;17934,9
12.01.2023;18869,6
13.01.2023;19909,6
14.01.2023;20976,3
15.01.2023;20880,8
16.01.2023;21169,6
17.01.2023;21161,5
18.01.2023;20688,8
19.01.2023;21086,8
20.01.2023;22676,6
21.01.2023;22777,6
22.01.2023;22720,4
23.01.2023;22934,4
24.01.2023;22636,5
25.01.2023;23117,9
26.01.2023;23032,8
27.01.2023;23078,7
28.01.2023;23031,1
29.01.2023;23774,6
30.01.2023;22840,1
31.01.2023;23139,3
1.02.2023;23723,8
2.02.2023;23471,9
3.02.2023;23449,3
4.02.2023;23331,9
5.02.2023;22955,7
6.02.2023;22760,1
7.02.2023;23264,3
8.02.2023;22939,4
9.02.2023;21819
10.02.2023;21651,2
11.02.2023;21870,9
12.02.2023;21788,2
13.02.2023;21808,1
14.02.2023;22220,8
15.02.2023;24307,8
16.02.2023;23623,5
17.02.2023;24565,6
18.02.2023;24641,3
19.02.2023;24327,6
20.02.2023;24829,2
21.02.2023;24436,4
22.02.2023;24188,8
23.02.2023;23947,5
24.02.2023;23198,1
25.02.2023;23175,4
26.02.2023;23561,2
27.02.2023;23522,9
28.02.2023;23147,4
1.03.2023;23646,6
2.03.2023;23475,5
3.03.2023;22362,7
4.03.2023;22353,4
5.03.2023;22435,5
6.03.2023;22429,8
7.03.2023;22219,8
8.03.2023;21718,1
9.03.2023;20363
10.03.2023;20187,2
11.03.2023;20632,4
12.03.2023;22164
13.03.2023;24197,5
14.03.2023;24746,1
15.03.2023;24376
16.03.2023;25052,8
17.03.2023;27423,9
18.03.2023;26965,9
19.03.2023;28038,7
20.03.2023;27767,2
21.03.2023;28175,8
22.03.2023;27307,4
23.03.2023;28334
24.03.2023;27493,3
25.03.2023;27494,7
26.03.2023;27994,3
27.03.2023;27139,9
28.03.2023;27268,1
29.03.2023;28348,4
30.03.2023;28033,6
31.03.2023;28478,5
1.04.2023;28411
2.04.2023;28199,3
3.04.2023;27790,2
4.04.2023;28168,1
5.04.2023;28178
6.04.2023;28044,1
7.04.2023;27925,9
8.04.2023;27947,8
9.04.2023;28333,1
10.04.2023;29653
11.04.2023;30235,1
12.04.2023;30139,1
13.04.2023;30399,1
14.04.2023;30485,7
15.04.2023;30318,5
16.04.2023;30315,4
17.04.2023;29445
18.04.2023;30397,6
19.04.2023;28822,7
20.04.2023;28246
21.04.2023;27276,9
22.04.2023;27817,5
23.04.2023;27591,4
24.04.2023;27525,3
25.04.2023;28307,6
26.04.2023;28422,7
27.04.2023;29473,8
28.04.2023;29340,3
29.04.2023;29248,5
30.04.2023;29268,8
1.05.2023;28091,6
2.05.2023;28680,5
3.05.2023;29006,3
4.05.2023;28847,7
5.05.2023;29534,4
6.05.2023;28904,6
7.05.2023;28455
8.05.2023;27694,3
9.05.2023;27658,8
10.05.2023;27621,8
11.05.2023;27000,8
12.05.2023;26805
13.05.2023;26784,1
14.05.2023;26930,6
15.05.2023;27192,7
16.05.2023;27036,7
17.05.2023;27398,8
18.05.2023;26832,2
19.05.2023;26890,1
20.05.2023;27129,6
21.05.2023;26754,8
